{
  "metadata": {
    "schemaVersion": "1.0",
    "importType": "LEX",
    "importFormat": "JSON"
  },
  "resource": {
    "description": "Risk level willing to take on investment portfolio",
    "name": "riskLevel",
    "version": "1",
    "enumerationValues": [
      {
        "value": "High",
        "synonyms": [
          "Extremely"
        ]
      },
      {
        "value": "Very Low",
        "synonyms": [
          "Unlikely"
        ]
      },
      {
        "value": "Low",
        "synonyms": [
          "Smallest"
        ]
      },
      {
        "value": "Medium",
        "synonyms": [
          "Neutral"
        ]
      },
      {
        "value": "Very High",
        "synonyms": [
          "Guaranteed"
        ]
      },
      {
        "value": "None",
        "synonyms": [
          "Zero"
        ]
      }
    ],
    "valueSelectionStrategy": "TOP_RESOLUTION"
  }
}